{
  "image_clustering": {
    "n_clusters": 3,
    "scaler_mean": [
      1904.2562172697649,
      3.2856774118657848,
      31.644653767543087,
      230.635371734997,
      4.310192376375198
    ],
    "scaler_scale": [
      1830.736070069936,
      2.9534615971944884,
      8.835931827536944,
      8.92396584132394,
      1.0499677944474155
    ],
    "centroids": [
      [
        2.732038349718463,
        -0.9524216319768262,
        2.292218029456695,
        0.4957050910678035,
        -1.4975550434822384
      ],
      [
        -0.25537357791601395,
        -0.7695514176323258,
        0.13516362851026062,
        0.7668784129635049,
        -0.44605976710976525
      ],
      [
        -0.3637926150345981,
        1.2000446800346127,
        -0.7420090430020013,
        -1.0825242889713218,
        0.9319634697577661
      ]
    ]
  },
  "filter_clustering": {
    "n_clusters": 5,
    "scaler_mean": [
      4.267867425901112,
      2.072087830176049,
      3.05,
      35.75,
      37.1,
      0.9072649242921283,
      1.4370202369061704
    ],
    "scaler_scale": [
      3.3121811546984827,
      0.9369281945246354,
      3.405510240771565,
      37.44112044263633,
      37.946541344370246,
      0.9102696810628482,
      1.5510909131250576
    ],
    "centroids": [
      [
        -0.7946825524217133,
        0.9903770376925645,
        -0.8956073493729912,
        -0.954832536456079,
        -0.9776912120478185,
        -0.9966990477292275,
        -0.9264577754574915
      ],
      [
        0.2814256016089625,
        -1.030811867845646,
        0.5726014200909292,
        1.352790712489522,
        0.761597736608678,
        1.0271583549826213,
        1.628481645637604
      ],
      [
        0.42231966653795294,
        -1.0084613433748226,
        2.3344519434476343,
        0.40730618687986586,
        1.0163420775735184,
        0.8343882278443449,
        1.076407496431815
      ],
      [
        2.737007876085653,
        -0.7317089481675317,
        0.5726014200909292,
        1.1907585244848538,
        1.1744592547241088,
        0.9789108738766258,
        0.7935252894233019
      ],
      [
        0.5565044902798485,
        -1.0481078377773307,
        0.7031088662654998,
        0.8376114480644236,
        1.0192701734466774,
        1.039810208278726,
        0.5307721025996077
      ]
    ]
  },
  "correlation_matrix": {
    "0": {
      "Q0_Pristine": {
        "best_filter_cluster": 4,
        "expected_edits": 14.333333333333334
      },
      "Q05_VeryGood": {
        "best_filter_cluster": 0,
        "expected_edits": 32.45
      }
    },
    "1": {
      "Q0_Pristine": {
        "best_filter_cluster": 2,
        "expected_edits": 108.11111111111111
      },
      "Q05_VeryGood": {
        "best_filter_cluster": 2,
        "expected_edits": 118.55555555555556
      },
      "Q1_Poor": {
        "best_filter_cluster": 2,
        "expected_edits": 106.75
      }
    },
    "2": {
      "Q15_Medium": {
        "best_filter_cluster": 0,
        "expected_edits": 260.9875
      },
      "Q2_MediumPoor": {
        "best_filter_cluster": 0,
        "expected_edits": 386.125
      }
    }
  },
  "filter_catalog": {
    "0": {
      "filter_type": "PIL",
      "parameters": {
        "contrast_factor": 1.1573620712395511,
        "median_size": 3
      },
      "cluster_size": 20
    },
    "1": {
      "filter_type": "OpenCV",
      "parameters": {
        "denoise_h": 5,
        "clahe_clip": 1.0485250521786496,
        "bilateral_d": 5,
        "bilateral_sigma_color": 88,
        "bilateral_sigma_space": 50,
        "unsharp_amount": 1.8566200436127254,
        "unsharp_radius": 3.914711710237714
      },
      "cluster_size": 5
    },
    "2": {
      "filter_type": "OpenCV",
      "parameters": {
        "denoise_h": 5,
        "clahe_clip": 1.1845998369427184,
        "bilateral_d": 11,
        "bilateral_sigma_color": 51,
        "bilateral_sigma_space": 83,
        "unsharp_amount": 1.650232425087997,
        "unsharp_radius": 2.5560318531848543
      },
      "cluster_size": 3
    },
    "3": {
      "filter_type": "OpenCV",
      "parameters": {
        "denoise_h": 13,
        "clahe_clip": 1.0885971045260638,
        "bilateral_d": 5,
        "bilateral_sigma_color": 86,
        "bilateral_sigma_space": 83,
        "unsharp_amount": 1.6266996865200198,
        "unsharp_radius": 2.6997629186726657
      },
      "cluster_size": 3
    },
    "4": {
      "filter_type": "OpenCV",
      "parameters": {
        "denoise_h": 5,
        "clahe_clip": 1.0613227094780204,
        "bilateral_d": 5,
        "bilateral_sigma_color": 53,
        "bilateral_sigma_space": 80,
        "unsharp_amount": 1.9279251186816224,
        "unsharp_radius": 2.7403656728475707
      },
      "cluster_size": 9
    }
  }
}